name,email,type
solar,e.mccumiskey@gmail.com,company
solar,nottarentino@gmail.com,company
solar,sam.miliotis@gmail.com,company
solar,jesslp0912@gmail.com,company
solar,mikesottak@gmail.com,company
solar,jbertramstudio@gmail.com,company
solar,honsingerlaw@gmail.com,company
solar,michael.l.jacobson@gmail.com,company
solar,whitepine.chapter@gmail.com,company
solar,growplantcity@gmail.com,company
solar,aashebron@gmail.com,company
solar,solaredge.w@gmail.com,company
solar,harveyyoung888@gmail.com,company
solar,saurabh.louis@gmail.com,company
solar,commercialsolarguy@gmail.com,company
solar,bayareahomeinvest@gmail.com,company
solar,hydrus2014@gmail.com,company
solar,rdean2733@gmail.com,company
solar,helloworld@gmail.com,company
solar,info.vedictemple@gmail.com,company
solar,rfdfarishta@gmail.com,company
solar,almondbrotherspollination@gmail.com,company
solar,promila@gmail.com,company
solar,cityclimatecorner@gmail.com,company
solar,rajfunnewjersey@gmail.com,company
solar,themetalmagicians@gmail.com,company
solar,outaboutmobilervsrvc@gmail.com,company
solar,bigbayray16@gmail.com,company
solar,alphaemscorp@gmail.com,company
solar,blair.smith0505@gmail.com,company
solar,zain.sharjil@gmail.com,company
